<?xml version="1.0" encoding="UTF-8" standalone="no"?>
<!DOCTYPE log SYSTEM "logger.dtd">
<log>
<record>
  <date>2017-01-26T14:10:53</date>
  <millis>1485457853620</millis>
  <sequence>0</sequence>
  <logger>whiteboxgis</logger>
  <level>CONFIG</level>
  <class>whiteboxgis.Main</class>
  <method>launchProgram</method>
  <thread>1</thread>
  <message>sun.arch.data.model = 64</message>
</record>
<record>
  <date>2017-01-26T14:10:53</date>
  <millis>1485457853635</millis>
  <sequence>1</sequence>
  <logger>whiteboxgis</logger>
  <level>CONFIG</level>
  <class>whiteboxgis.Main</class>
  <method>startSecondJVM</method>
  <thread>1</thread>
  <message>HeapSize = -Xmx14G</message>
</record>
</log>
